interval_begin;interval_end;interval_id;interval_sampledSeconds;interval_departed;interval_arrived;interval_entered;interval_left;interval_density;interval_laneDensity;interval_occupancy;interval_waitingTime;interval_timeLoss;interval_speed;interval_vaporized;typedInterval_begin;typedInterval_end;typedInterval_id;typedInterval_type;typedInterval_departed;typedInterval_arrived;typedInterval_entered;typedInterval_left;typedInterval_sampledSeconds;typedInterval_density;typedInterval_occupancy;typedInterval_waitingTime;typedInterval_timeLoss;typedInterval_speed;typedInterval_vaporized
28300.00;29200.00;e1Detector_#EdgeID37_0;0.00;0;0;0;0;;;;;;;;;;;;;;;;;;;;;;
28300.00;29200.00;e1Detector_#EdgeID37_1;0.00;0;0;0;0;;;;;;;;;;;;;;;;;;;;;;
28300.00;29200.00;e1Detector_#EdgeID37_2;0.00;0;0;0;0;;;;;;;;;;;;;;;;;;;;;;
28300.00;29200.00;e1Detector_#EdgeID37_3;0.00;0;0;0;0;;;;;;;;;;;;;;;;;;;;;;
28300.00;29200.00;e1Detector_#EdgeID32_0;0.00;0;0;0;0;;;;;;;;;;;;;;;;;;;;;;
28300.00;29200.00;e1Detector_#EdgeID32_1;0.00;0;0;0;0;;;;;;;;;;;;;;;;;;;;;;
28300.00;29200.00;e1Detector_#EdgeID43_0;0.00;0;0;0;0;;;;;;;;;;;;;;;;;;;;;;
28300.00;29200.00;e1Detector_#EdgeID43_1;0.00;0;0;0;0;;;;;;;;;;;;;;;;;;;;;;
28300.00;29200.00;e1Detector_#EdgeID64_0;25.75;0;0;8;6;0.29;0.29;0.15;0.00;1.04;24.78;;;;;;;;;;;;;;;;
28300.00;29200.00;e1Detector_#EdgeID11_0;0.00;0;0;0;0;;;;;;;;;;;;;;;;;;;;;;
28300.00;29200.00;e1Detector_#EdgeID11_1;0.00;0;0;0;0;;;;;;;;;;;;;;;;;;;;;;
28300.00;29200.00;e1Detector_#EdgeID11_2;0.00;0;0;0;0;;;;;;;;;;;;;;;;;;;;;;
28300.00;29200.00;e1Detector_#EdgeID27_0;0.00;0;0;0;0;;;;;;;;;;;;;;;;;;;;;;
28300.00;29200.00;e1Detector_#EdgeID27_1;0.00;0;0;0;0;;;;;;;;;;;;;;;;;;;;;;
28300.00;29200.00;e1Detector_#EdgeID59_0;0.00;0;0;0;0;;;;;;;;;;;;;;;;;;;;;;
28300.00;29200.00;e1Detector_#EdgeID12_0;0.00;0;0;0;0;;;;;;;;;;;;;;;;;;;;;;
28300.00;29200.00;e1Detector_#EdgeID7_0;0.00;0;0;0;0;;;;;;;;;;;;;;;;;;;;;;
28300.00;29200.00;e1Detector_#EdgeID7_1;0.00;0;0;0;0;;;;;;;;;;;;;;;;;;;;;;
28300.00;29200.00;e1Detector_#EdgeID7_2;0.00;0;0;0;0;;;;;;;;;;;;;;;;;;;;;;
28300.00;29200.00;e1Detector_#EdgeID7_3;0.00;0;0;0;0;;;;;;;;;;;;;;;;;;;;;;
28300.00;29200.00;e1Detector_#EdgeID61_0;0.00;0;0;0;0;;;;;;;;;;;;;;;;;;;;;;
28300.00;29200.00;e1Detector_#EdgeID16_0;15.51;0;0;4;4;0.18;0.18;0.09;0.00;0.00;25.06;;;;;;;;;;;;;;;;
28300.00;29200.00;e1Detector_#EdgeID69_0;46.19;0;0;12;12;0.52;0.52;0.26;0.00;0.59;25.57;;;;;;;;;;;;;;;;
28300.00;29200.00;e1Detector_#EdgeID1_0;0.00;0;0;0;0;;;;;;;;;;;;;;;;;;;;;;
28300.00;29200.00;e1Detector_#EdgeID1_1;0.00;0;0;0;0;;;;;;;;;;;;;;;;;;;;;;
28300.00;29200.00;e1Detector_#EdgeID1_2;0.00;0;0;0;0;;;;;;;;;;;;;;;;;;;;;;
28300.00;29200.00;e1Detector_#EdgeID1_3;0.00;0;0;0;0;;;;;;;;;;;;;;;;;;;;;;
28300.00;29200.00;e1Detector_#EdgeID24_0;0.00;0;0;0;0;;;;;;;;;;;;;;;;;;;;;;
28300.00;29200.00;e1Detector_#EdgeID28_0;0.00;0;0;0;0;;;;;;;;;;;;;;;;;;;;;;
28300.00;29200.00;e1Detector_#EdgeID28_1;0.00;0;0;0;0;;;;;;;;;;;;;;;;;;;;;;
28300.00;29200.00;e1Detector_#EdgeID75_0;3.18;0;0;1;1;0.04;0.04;0.02;0.00;0.00;30.86;;;;;;;;;;;;;;;;
28300.00;29200.00;e1Detector_#EdgeID66_0;28.10;0;0;7;7;0.32;0.32;0.16;0.00;3.47;24.44;;;;;;;;;;;;;;;;
28300.00;29200.00;e1Detector_#EdgeID39_0;32.66;0;0;9;9;0.37;0.37;0.18;0.00;1.42;27.09;;;;;;;;;;;;;;;;
28300.00;29200.00;e1Detector_#EdgeID63_0;0.00;0;0;0;0;;;;;;;;;;;;;;;;;;;;;;
28300.00;29200.00;e1Detector_#EdgeID10_0;7.01;0;0;2;2;0.08;0.08;0.04;0.00;0.00;28.09;;;;;;;;;;;;;;;;
28300.00;29200.00;e1Detector_#EdgeID8_0;23.49;0;0;6;6;0.27;0.09;0.04;0.00;0.63;25.11;;;;;;;;;;;;;;;;
28300.00;29200.00;e1Detector_#EdgeID8_1;23.49;0;0;6;6;0.27;0.09;0.04;0.00;0.63;25.11;;;;;;;;;;;;;;;;
28300.00;29200.00;e1Detector_#EdgeID8_2;23.49;0;0;6;6;0.27;0.09;0.04;0.00;0.63;25.11;;;;;;;;;;;;;;;;
28300.00;29200.00;e1Detector_#EdgeID53_0;58.37;0;0;15;14;0.66;0.66;0.33;0.00;6.74;25.27;;;;;;;;;;;;;;;;
28300.00;29200.00;e1Detector_#EdgeID4_0;3.77;0;0;1;1;0.04;0.04;0.02;0.00;0.00;26.19;;;;;;;;;;;;;;;;
28300.00;29200.00;e1Detector_#EdgeID74_0;0.00;0;0;0;0;;;;;;;;;;;;;;;;;;;;;;
28300.00;29200.00;e1Detector_#EdgeID29_0;0.00;0;0;0;0;;;;;;;;;;;;;;;;;;;;;;
28300.00;29200.00;e1Detector_#EdgeID49_0;8.38;0;0;2;2;0.10;0.10;0.05;0.00;0.62;23.14;;;;;;;;;;;;;;;;
28300.00;29200.00;e1Detector_#EdgeID46_0;11.87;0;0;3;3;0.14;0.07;0.03;0.00;0.48;24.56;;;;;;;;;;;;;;;;
28300.00;29200.00;e1Detector_#EdgeID46_1;11.87;0;0;3;3;0.14;0.07;0.03;0.00;0.48;24.56;;;;;;;;;;;;;;;;
28300.00;29200.00;e1Detector_#EdgeID40_0;0.00;0;0;0;0;;;;;;;;;;;;;;;;;;;;;;
28300.00;29200.00;e1Detector_#EdgeID13_0;0.00;0;0;0;0;;;;;;;;;;;;;;;;;;;;;;
28300.00;29200.00;e1Detector_#EdgeID13_1;0.00;0;0;0;0;;;;;;;;;;;;;;;;;;;;;;
28300.00;29200.00;e1Detector_#EdgeID33_0;0.00;0;0;0;0;;;;;;;;;;;;;;;;;;;;;;
28300.00;29200.00;e1Detector_#EdgeID25_0;0.00;0;0;0;0;;;;;;;;;;;;;;;;;;;;;;
28300.00;29200.00;e1Detector_#EdgeID25_1;0.00;0;0;0;0;;;;;;;;;;;;;;;;;;;;;;
28300.00;29200.00;e1Detector_#EdgeID62_0;0.00;0;0;0;0;;;;;;;;;;;;;;;;;;;;;;
28300.00;29200.00;e1Detector_#EdgeID3_0;0.00;0;0;0;0;;;;;;;;;;;;;;;;;;;;;;
28300.00;29200.00;e1Detector_#EdgeID3_1;0.00;0;0;0;0;;;;;;;;;;;;;;;;;;;;;;
28300.00;29200.00;e1Detector_#EdgeID3_2;0.00;0;0;0;0;;;;;;;;;;;;;;;;;;;;;;
28300.00;29200.00;e1Detector_#EdgeID3_3;0.00;0;0;0;0;;;;;;;;;;;;;;;;;;;;;;
28300.00;29200.00;e1Detector_#EdgeID56_0;0.00;0;0;0;0;;;;;;;;;;;;;;;;;;;;;;
28300.00;29200.00;e1Detector_#EdgeID56_1;0.00;0;0;0;0;;;;;;;;;;;;;;;;;;;;;;
28300.00;29200.00;e1Detector_#EdgeID56_2;0.00;0;0;0;0;;;;;;;;;;;;;;;;;;;;;;
28300.00;29200.00;e1Detector_#EdgeID56_3;0.00;0;0;0;0;;;;;;;;;;;;;;;;;;;;;;
28300.00;29200.00;e1Detector_#EdgeID72_0;10.30;0;0;3;3;0.12;0.12;0.06;0.00;0.00;28.57;;;;;;;;;;;;;;;;
28300.00;29200.00;e1Detector_#EdgeID36_0;0.00;0;0;0;0;;;;;;;;;;;;;;;;;;;;;;
28300.00;29200.00;e1Detector_#EdgeID54_0;26.32;0;0;7;7;0.30;0.08;0.04;0.00;1.30;25.82;;;;;;;;;;;;;;;;
28300.00;29200.00;e1Detector_#EdgeID54_1;26.32;0;0;7;7;0.30;0.08;0.04;0.00;1.30;25.82;;;;;;;;;;;;;;;;
28300.00;29200.00;e1Detector_#EdgeID54_2;26.32;0;0;7;7;0.30;0.08;0.04;0.00;1.30;25.82;;;;;;;;;;;;;;;;
28300.00;29200.00;e1Detector_#EdgeID54_3;26.32;0;0;7;7;0.30;0.08;0.04;0.00;1.30;25.82;;;;;;;;;;;;;;;;
28300.00;29200.00;e1Detector_#EdgeID44_0;0.00;0;0;0;0;;;;;;;;;;;;;;;;;;;;;;
28300.00;29200.00;e1Detector_#EdgeID58_0;3.40;0;0;1;1;0.04;0.04;0.02;0.00;0.00;29.11;;;;;;;;;;;;;;;;
29200.00;30100.00;e1Detector_#EdgeID37_0;0.00;0;0;0;0;;;;;;;;;;;;;;;;;;;;;;
29200.00;30100.00;e1Detector_#EdgeID37_1;0.00;0;0;0;0;;;;;;;;;;;;;;;;;;;;;;
29200.00;30100.00;e1Detector_#EdgeID37_2;0.00;0;0;0;0;;;;;;;;;;;;;;;;;;;;;;
29200.00;30100.00;e1Detector_#EdgeID37_3;0.00;0;0;0;0;;;;;;;;;;;;;;;;;;;;;;
29200.00;30100.00;e1Detector_#EdgeID32_0;46.17;0;0;13;13;0.52;0.26;0.13;0.00;0.00;27.62;;;;;;;;;;;;;;;;
29200.00;30100.00;e1Detector_#EdgeID32_1;46.17;0;0;13;13;0.52;0.26;0.13;0.00;0.00;27.62;;;;;;;;;;;;;;;;
29200.00;30100.00;e1Detector_#EdgeID43_0;56.30;0;0;15;15;0.64;0.32;0.16;0.00;2.35;26.17;;;;;;;;;;;;;;;;
29200.00;30100.00;e1Detector_#EdgeID43_1;56.30;0;0;15;15;0.64;0.32;0.16;0.00;2.35;26.17;;;;;;;;;;;;;;;;
29200.00;30100.00;e1Detector_#EdgeID64_0;287.67;0;0;70;72;3.27;3.27;1.64;0.00;25.36;24.28;;;;;;;;;;;;;;;;
29200.00;30100.00;e1Detector_#EdgeID11_0;49.98;0;0;12;12;0.57;0.19;0.09;0.00;6.35;23.55;;;;;;;;;;;;;;;;
29200.00;30100.00;e1Detector_#EdgeID11_1;49.98;0;0;12;12;0.57;0.19;0.09;0.00;6.35;23.55;;;;;;;;;;;;;;;;
29200.00;30100.00;e1Detector_#EdgeID11_2;49.98;0;0;12;12;0.57;0.19;0.09;0.00;6.35;23.55;;;;;;;;;;;;;;;;
29200.00;30100.00;e1Detector_#EdgeID27_0;6.70;0;0;2;2;0.08;0.04;0.02;0.00;0.00;29.28;;;;;;;;;;;;;;;;
29200.00;30100.00;e1Detector_#EdgeID27_1;6.70;0;0;2;2;0.08;0.04;0.02;0.00;0.00;29.28;;;;;;;;;;;;;;;;
29200.00;30100.00;e1Detector_#EdgeID59_0;45.37;0;0;12;12;0.52;0.52;0.26;0.00;1.44;25.82;;;;;;;;;;;;;;;;
29200.00;30100.00;e1Detector_#EdgeID12_0;21.17;0;0;6;6;0.24;0.24;0.12;0.00;0.11;27.71;;;;;;;;;;;;;;;;
29200.00;30100.00;e1Detector_#EdgeID7_0;17.94;0;0;5;5;0.20;0.05;0.03;0.00;0.88;27.46;;;;;;;;;;;;;;;;
29200.00;30100.00;e1Detector_#EdgeID7_1;17.94;0;0;5;5;0.20;0.05;0.03;0.00;0.88;27.46;;;;;;;;;;;;;;;;
29200.00;30100.00;e1Detector_#EdgeID7_2;17.94;0;0;5;5;0.20;0.05;0.03;0.00;0.88;27.46;;;;;;;;;;;;;;;;
29200.00;30100.00;e1Detector_#EdgeID7_3;17.94;0;0;5;5;0.20;0.05;0.03;0.00;0.88;27.46;;;;;;;;;;;;;;;;
29200.00;30100.00;e1Detector_#EdgeID61_0;79.27;0;0;20;20;0.90;0.90;0.45;0.00;6.52;24.63;;;;;;;;;;;;;;;;
29200.00;30100.00;e1Detector_#EdgeID16_0;104.11;0;0;27;27;1.19;1.19;0.59;0.00;5.23;25.21;;;;;;;;;;;;;;;;
29200.00;30100.00;e1Detector_#EdgeID69_0;391.59;0;0;94;94;4.42;4.42;2.21;0.00;43.44;23.63;;;;;;;;;;;;;;;;
29200.00;30100.00;e1Detector_#EdgeID1_0;0.00;0;0;0;0;;;;;;;;;;;;;;;;;;;;;;
29200.00;30100.00;e1Detector_#EdgeID1_1;0.00;0;0;0;0;;;;;;;;;;;;;;;;;;;;;;
29200.00;30100.00;e1Detector_#EdgeID1_2;0.00;0;0;0;0;;;;;;;;;;;;;;;;;;;;;;
29200.00;30100.00;e1Detector_#EdgeID1_3;0.00;0;0;0;0;;;;;;;;;;;;;;;;;;;;;;
29200.00;30100.00;e1Detector_#EdgeID24_0;13.67;0;0;4;4;0.16;0.16;0.08;0.00;0.00;28.61;;;;;;;;;;;;;;;;
29200.00;30100.00;e1Detector_#EdgeID28_0;78.43;0;0;21;21;0.89;0.44;0.22;0.00;3.54;26.30;;;;;;;;;;;;;;;;
29200.00;30100.00;e1Detector_#EdgeID28_1;78.43;0;0;21;21;0.89;0.44;0.22;0.00;3.54;26.30;;;;;;;;;;;;;;;;
29200.00;30100.00;e1Detector_#EdgeID75_0;139.19;0;0;34;33;1.58;1.58;0.79;0.00;9.66;23.84;;;;;;;;;;;;;;;;
29200.00;30100.00;e1Detector_#EdgeID66_0;245.64;0;0;61;61;2.78;2.78;1.39;0.00;20.80;24.37;;;;;;;;;;;;;;;;
29200.00;30100.00;e1Detector_#EdgeID39_0;188.56;0;0;46;46;2.13;2.13;1.07;0.00;11.75;23.99;;;;;;;;;;;;;;;;
29200.00;30100.00;e1Detector_#EdgeID63_0;158.73;0;0;38;38;1.80;1.80;0.90;0.00;18.12;23.43;;;;;;;;;;;;;;;;
29200.00;30100.00;e1Detector_#EdgeID10_0;77.90;0;0;20;20;0.88;0.88;0.44;0.00;4.68;25.28;;;;;;;;;;;;;;;;
29200.00;30100.00;e1Detector_#EdgeID8_0;79.24;0;0;21;21;0.90;0.30;0.15;0.00;3.28;26.06;;;;;;;;;;;;;;;;
29200.00;30100.00;e1Detector_#EdgeID8_1;79.24;0;0;21;21;0.90;0.30;0.15;0.00;3.28;26.06;;;;;;;;;;;;;;;;
29200.00;30100.00;e1Detector_#EdgeID8_2;79.24;0;0;21;21;0.90;0.30;0.15;0.00;3.28;26.06;;;;;;;;;;;;;;;;
29200.00;30100.00;e1Detector_#EdgeID53_0;317.53;0;0;75;73;3.57;3.57;1.78;0.00;38.32;23.06;;;;;;;;;;;;;;;;
29200.00;30100.00;e1Detector_#EdgeID4_0;39.70;0;0;10;10;0.45;0.45;0.22;0.00;1.51;24.88;;;;;;;;;;;;;;;;
29200.00;30100.00;e1Detector_#EdgeID74_0;113.12;0;0;29;29;1.28;1.28;0.64;0.00;7.66;25.21;;;;;;;;;;;;;;;;
29200.00;30100.00;e1Detector_#EdgeID29_0;42.36;0;0;11;11;0.48;0.48;0.24;0.00;1.79;25.37;;;;;;;;;;;;;;;;
29200.00;30100.00;e1Detector_#EdgeID49_0;248.95;0;0;61;61;2.85;2.85;1.43;0.00;23.38;23.77;;;;;;;;;;;;;;;;
29200.00;30100.00;e1Detector_#EdgeID46_0;224.40;0;0;57;57;2.57;1.28;0.64;0.00;18.78;24.67;;;;;;;;;;;;;;;;
29200.00;30100.00;e1Detector_#EdgeID46_1;224.40;0;0;57;57;2.57;1.28;0.64;0.00;18.78;24.67;;;;;;;;;;;;;;;;
29200.00;30100.00;e1Detector_#EdgeID40_0;22.06;0;0;6;6;0.25;0.25;0.12;0.00;0.17;26.73;;;;;;;;;;;;;;;;
29200.00;30100.00;e1Detector_#EdgeID13_0;94.10;0;0;26;25;1.08;0.54;0.27;0.00;3.19;26.51;;;;;;;;;;;;;;;;
29200.00;30100.00;e1Detector_#EdgeID13_1;94.10;0;0;26;25;1.08;0.54;0.27;0.00;3.19;26.51;;;;;;;;;;;;;;;;
29200.00;30100.00;e1Detector_#EdgeID33_0;3.53;0;0;1;1;0.04;0.04;0.02;0.00;0.00;27.84;;;;;;;;;;;;;;;;
29200.00;30100.00;e1Detector_#EdgeID25_0;102.49;0;0;27;27;1.17;0.59;0.29;0.00;7.62;25.59;;;;;;;;;;;;;;;;
29200.00;30100.00;e1Detector_#EdgeID25_1;102.49;0;0;27;27;1.17;0.59;0.29;0.00;7.62;25.59;;;;;;;;;;;;;;;;
29200.00;30100.00;e1Detector_#EdgeID62_0;52.51;0;0;14;14;0.60;0.60;0.30;0.00;1.60;26.06;;;;;;;;;;;;;;;;
29200.00;30100.00;e1Detector_#EdgeID3_0;0.00;0;0;0;0;;;;;;;;;;;;;;;;;;;;;;
29200.00;30100.00;e1Detector_#EdgeID3_1;0.00;0;0;0;0;;;;;;;;;;;;;;;;;;;;;;
29200.00;30100.00;e1Detector_#EdgeID3_2;0.00;0;0;0;0;;;;;;;;;;;;;;;;;;;;;;
29200.00;30100.00;e1Detector_#EdgeID3_3;0.00;0;0;0;0;;;;;;;;;;;;;;;;;;;;;;
29200.00;30100.00;e1Detector_#EdgeID56_0;24.02;0;0;7;7;0.27;0.07;0.03;0.00;0.00;28.59;;;;;;;;;;;;;;;;
29200.00;30100.00;e1Detector_#EdgeID56_1;24.02;0;0;7;7;0.27;0.07;0.03;0.00;0.00;28.59;;;;;;;;;;;;;;;;
29200.00;30100.00;e1Detector_#EdgeID56_2;24.02;0;0;7;7;0.27;0.07;0.03;0.00;0.00;28.59;;;;;;;;;;;;;;;;
29200.00;30100.00;e1Detector_#EdgeID56_3;24.02;0;0;7;7;0.27;0.07;0.03;0.00;0.00;28.59;;;;;;;;;;;;;;;;
29200.00;30100.00;e1Detector_#EdgeID72_0;322.75;0;0;80;80;3.66;3.66;1.83;0.00;31.23;24.31;;;;;;;;;;;;;;;;
29200.00;30100.00;e1Detector_#EdgeID36_0;74.19;0;0;19;19;0.84;0.84;0.42;0.00;6.08;25.18;;;;;;;;;;;;;;;;
29200.00;30100.00;e1Detector_#EdgeID54_0;79.05;0;0;21;21;0.90;0.23;0.11;0.00;3.33;25.78;;;;;;;;;;;;;;;;
29200.00;30100.00;e1Detector_#EdgeID54_1;79.05;0;0;21;21;0.90;0.23;0.11;0.00;3.33;25.78;;;;;;;;;;;;;;;;
29200.00;30100.00;e1Detector_#EdgeID54_2;79.05;0;0;21;21;0.90;0.23;0.11;0.00;3.33;25.78;;;;;;;;;;;;;;;;
29200.00;30100.00;e1Detector_#EdgeID54_3;79.05;0;0;21;21;0.90;0.23;0.11;0.00;3.33;25.78;;;;;;;;;;;;;;;;
29200.00;30100.00;e1Detector_#EdgeID44_0;53.73;0;0;15;15;0.61;0.61;0.30;0.00;2.18;27.38;;;;;;;;;;;;;;;;
29200.00;30100.00;e1Detector_#EdgeID58_0;220.15;0;0;51;51;2.47;2.47;1.24;0.00;29.70;22.92;;;;;;;;;;;;;;;;
30100.00;31000.00;e1Detector_#EdgeID37_0;16.91;0;0;5;5;0.19;0.05;0.02;0.00;0.00;28.90;;;;;;;;;;;;;;;;
30100.00;31000.00;e1Detector_#EdgeID37_1;16.91;0;0;5;5;0.19;0.05;0.02;0.00;0.00;28.90;;;;;;;;;;;;;;;;
30100.00;31000.00;e1Detector_#EdgeID37_2;16.91;0;0;5;5;0.19;0.05;0.02;0.00;0.00;28.90;;;;;;;;;;;;;;;;
30100.00;31000.00;e1Detector_#EdgeID37_3;16.91;0;0;5;5;0.19;0.05;0.02;0.00;0.00;28.90;;;;;;;;;;;;;;;;
30100.00;31000.00;e1Detector_#EdgeID32_0;131.87;0;0;35;35;1.49;0.75;0.37;0.00;8.74;26.03;;;;;;;;;;;;;;;;
30100.00;31000.00;e1Detector_#EdgeID32_1;131.87;0;0;35;35;1.49;0.75;0.37;0.00;8.74;26.03;;;;;;;;;;;;;;;;
30100.00;31000.00;e1Detector_#EdgeID43_0;105.46;0;0;25;25;1.19;0.60;0.30;0.00;10.01;23.29;;;;;;;;;;;;;;;;
30100.00;31000.00;e1Detector_#EdgeID43_1;105.46;0;0;25;25;1.19;0.60;0.30;0.00;10.01;23.29;;;;;;;;;;;;;;;;
30100.00;31000.00;e1Detector_#EdgeID64_0;293.83;0;0;69;69;3.34;3.34;1.67;0.00;37.62;22.95;;;;;;;;;;;;;;;;
30100.00;31000.00;e1Detector_#EdgeID11_0;87.65;0;0;21;20;0.99;0.33;0.17;0.00;9.59;22.67;;;;;;;;;;;;;;;;
30100.00;31000.00;e1Detector_#EdgeID11_1;87.65;0;0;21;20;0.99;0.33;0.17;0.00;9.59;22.67;;;;;;;;;;;;;;;;
30100.00;31000.00;e1Detector_#EdgeID11_2;87.65;0;0;21;20;0.99;0.33;0.17;0.00;9.59;22.67;;;;;;;;;;;;;;;;
30100.00;31000.00;e1Detector_#EdgeID27_0;121.92;0;0;33;33;1.38;0.69;0.35;0.00;3.43;26.54;;;;;;;;;;;;;;;;
30100.00;31000.00;e1Detector_#EdgeID27_1;121.92;0;0;33;33;1.38;0.69;0.35;0.00;3.43;26.54;;;;;;;;;;;;;;;;
30100.00;31000.00;e1Detector_#EdgeID59_0;57.50;0;0;13;13;0.65;0.65;0.33;0.00;5.84;22.07;;;;;;;;;;;;;;;;
30100.00;31000.00;e1Detector_#EdgeID12_0;14.51;0;0;4;4;0.16;0.16;0.08;0.00;0.00;26.96;;;;;;;;;;;;;;;;
30100.00;31000.00;e1Detector_#EdgeID7_0;23.17;0;0;7;7;0.26;0.07;0.03;0.00;0.00;29.76;;;;;;;;;;;;;;;;
30100.00;31000.00;e1Detector_#EdgeID7_1;23.17;0;0;7;7;0.26;0.07;0.03;0.00;0.00;29.76;;;;;;;;;;;;;;;;
30100.00;31000.00;e1Detector_#EdgeID7_2;23.17;0;0;7;7;0.26;0.07;0.03;0.00;0.00;29.76;;;;;;;;;;;;;;;;
30100.00;31000.00;e1Detector_#EdgeID7_3;23.17;0;0;7;7;0.26;0.07;0.03;0.00;0.00;29.76;;;;;;;;;;;;;;;;
30100.00;31000.00;e1Detector_#EdgeID61_0;144.63;0;0;35;35;1.65;1.65;0.82;0.00;12.94;23.62;;;;;;;;;;;;;;;;
30100.00;31000.00;e1Detector_#EdgeID16_0;149.61;0;0;38;38;1.71;1.71;0.86;0.00;8.59;24.69;;;;;;;;;;;;;;;;
30100.00;31000.00;e1Detector_#EdgeID69_0;457.22;0;0;110;110;5.16;5.16;2.58;0.00;49.95;23.68;;;;;;;;;;;;;;;;
30100.00;31000.00;e1Detector_#EdgeID1_0;0.00;0;0;0;0;;;;;;;;;;;;;;;;;;;;;;
30100.00;31000.00;e1Detector_#EdgeID1_1;0.00;0;0;0;0;;;;;;;;;;;;;;;;;;;;;;
30100.00;31000.00;e1Detector_#EdgeID1_2;0.00;0;0;0;0;;;;;;;;;;;;;;;;;;;;;;
30100.00;31000.00;e1Detector_#EdgeID1_3;0.00;0;0;0;0;;;;;;;;;;;;;;;;;;;;;;
30100.00;31000.00;e1Detector_#EdgeID24_0;57.38;0;0;16;16;0.65;0.65;0.33;0.00;0.88;27.26;;;;;;;;;;;;;;;;
30100.00;31000.00;e1Detector_#EdgeID28_0;369.56;0;0;91;91;4.18;2.09;1.05;0.00;37.70;24.19;;;;;;;;;;;;;;;;
30100.00;31000.00;e1Detector_#EdgeID28_1;369.56;0;0;91;91;4.18;2.09;1.05;0.00;37.70;24.19;;;;;;;;;;;;;;;;
30100.00;31000.00;e1Detector_#EdgeID75_0;122.60;0;0;30;31;1.39;1.39;0.69;0.00;8.88;24.16;;;;;;;;;;;;;;;;
30100.00;31000.00;e1Detector_#EdgeID66_0;488.83;0;0;115;115;5.54;5.54;2.77;0.00;69.21;23.08;;;;;;;;;;;;;;;;
30100.00;31000.00;e1Detector_#EdgeID39_0;309.82;0;0;76;76;3.50;3.50;1.75;0.00;30.67;24.12;;;;;;;;;;;;;;;;
30100.00;31000.00;e1Detector_#EdgeID63_0;195.12;0;0;48;48;2.22;2.22;1.11;0.00;20.05;24.07;;;;;;;;;;;;;;;;
30100.00;31000.00;e1Detector_#EdgeID10_0;99.24;0;0;26;26;1.12;1.12;0.56;0.00;4.19;25.80;;;;;;;;;;;;;;;;
30100.00;31000.00;e1Detector_#EdgeID8_0;100.81;0;0;27;25;1.14;0.38;0.19;0.00;2.14;26.12;;;;;;;;;;;;;;;;
30100.00;31000.00;e1Detector_#EdgeID8_1;100.81;0;0;27;25;1.14;0.38;0.19;0.00;2.14;26.12;;;;;;;;;;;;;;;;
30100.00;31000.00;e1Detector_#EdgeID8_2;100.81;0;0;27;25;1.14;0.38;0.19;0.00;2.14;26.12;;;;;;;;;;;;;;;;
30100.00;31000.00;e1Detector_#EdgeID53_0;472.40;0;0;108;111;5.30;5.30;2.65;0.00;61.82;22.85;;;;;;;;;;;;;;;;
30100.00;31000.00;e1Detector_#EdgeID4_0;55.77;0;0;14;14;0.63;0.63;0.31;0.00;2.12;24.80;;;;;;;;;;;;;;;;
30100.00;31000.00;e1Detector_#EdgeID74_0;216.50;0;0;54;53;2.45;2.45;1.22;0.00;17.34;24.16;;;;;;;;;;;;;;;;
30100.00;31000.00;e1Detector_#EdgeID29_0;95.35;0;0;24;24;1.08;1.08;0.54;0.00;6.50;24.59;;;;;;;;;;;;;;;;
30100.00;31000.00;e1Detector_#EdgeID49_0;162.92;0;0;39;39;1.87;1.87;0.93;0.00;13.54;23.22;;;;;;;;;;;;;;;;
30100.00;31000.00;e1Detector_#EdgeID46_0;371.30;0;0;90;90;4.25;2.12;1.06;0.00;43.54;23.54;;;;;;;;;;;;;;;;
30100.00;31000.00;e1Detector_#EdgeID46_1;371.30;0;0;90;90;4.25;2.12;1.06;0.00;43.54;23.54;;;;;;;;;;;;;;;;
30100.00;31000.00;e1Detector_#EdgeID40_0;109.81;0;0;27;27;1.24;1.24;0.62;0.00;12.77;24.17;;;;;;;;;;;;;;;;
30100.00;31000.00;e1Detector_#EdgeID13_0;118.96;0;0;29;30;1.36;0.68;0.34;0.00;8.28;23.90;;;;;;;;;;;;;;;;
30100.00;31000.00;e1Detector_#EdgeID13_1;118.96;0;0;29;30;1.36;0.68;0.34;0.00;8.28;23.90;;;;;;;;;;;;;;;;
30100.00;31000.00;e1Detector_#EdgeID33_0;52.30;0;0;14;14;0.59;0.59;0.30;0.00;1.72;26.32;;;;;;;;;;;;;;;;
30100.00;31000.00;e1Detector_#EdgeID25_0;151.54;0;0;39;39;1.73;0.87;0.43;0.00;9.03;25.00;;;;;;;;;;;;;;;;
30100.00;31000.00;e1Detector_#EdgeID25_1;151.54;0;0;39;39;1.73;0.87;0.43;0.00;9.03;25.00;;;;;;;;;;;;;;;;
30100.00;31000.00;e1Detector_#EdgeID62_0;142.97;0;0;34;34;1.63;1.63;0.81;0.00;14.92;23.24;;;;;;;;;;;;;;;;
30100.00;31000.00;e1Detector_#EdgeID3_0;0.00;0;0;0;0;;;;;;;;;;;;;;;;;;;;;;
30100.00;31000.00;e1Detector_#EdgeID3_1;0.00;0;0;0;0;;;;;;;;;;;;;;;;;;;;;;
30100.00;31000.00;e1Detector_#EdgeID3_2;0.00;0;0;0;0;;;;;;;;;;;;;;;;;;;;;;
30100.00;31000.00;e1Detector_#EdgeID3_3;0.00;0;0;0;0;;;;;;;;;;;;;;;;;;;;;;
30100.00;31000.00;e1Detector_#EdgeID56_0;45.04;0;0;12;12;0.51;0.13;0.06;0.00;2.57;26.13;;;;;;;;;;;;;;;;
30100.00;31000.00;e1Detector_#EdgeID56_1;45.04;0;0;12;12;0.51;0.13;0.06;0.00;2.57;26.13;;;;;;;;;;;;;;;;
30100.00;31000.00;e1Detector_#EdgeID56_2;45.04;0;0;12;12;0.51;0.13;0.06;0.00;2.57;26.13;;;;;;;;;;;;;;;;
30100.00;31000.00;e1Detector_#EdgeID56_3;45.04;0;0;12;12;0.51;0.13;0.06;0.00;2.57;26.13;;;;;;;;;;;;;;;;
30100.00;31000.00;e1Detector_#EdgeID72_0;515.38;0;0;128;125;5.84;5.84;2.92;0.00;57.60;24.08;;;;;;;;;;;;;;;;
30100.00;31000.00;e1Detector_#EdgeID36_0;128.35;0;0;34;34;1.45;1.45;0.73;0.00;7.46;26.05;;;;;;;;;;;;;;;;
30100.00;31000.00;e1Detector_#EdgeID54_0;179.73;0;0;46;46;2.06;0.51;0.26;0.00;10.09;24.84;;;;;;;;;;;;;;;;
30100.00;31000.00;e1Detector_#EdgeID54_1;179.73;0;0;46;46;2.06;0.51;0.26;0.00;10.09;24.84;;;;;;;;;;;;;;;;
30100.00;31000.00;e1Detector_#EdgeID54_2;179.73;0;0;46;46;2.06;0.51;0.26;0.00;10.09;24.84;;;;;;;;;;;;;;;;
30100.00;31000.00;e1Detector_#EdgeID54_3;179.73;0;0;46;46;2.06;0.51;0.26;0.00;10.09;24.84;;;;;;;;;;;;;;;;
30100.00;31000.00;e1Detector_#EdgeID44_0;211.14;0;0;55;55;2.39;2.39;1.20;0.00;15.18;25.55;;;;;;;;;;;;;;;;
30100.00;31000.00;e1Detector_#EdgeID58_0;481.48;0;0;110;110;5.41;5.41;2.70;0.00;67.40;22.61;;;;;;;;;;;;;;;;
31000.00;31900.00;e1Detector_#EdgeID37_0;71.65;0;0;19;19;0.81;0.20;0.10;0.00;4.30;25.92;;;;;;;;;;;;;;;;
31000.00;31900.00;e1Detector_#EdgeID37_1;71.65;0;0;19;19;0.81;0.20;0.10;0.00;4.30;25.92;;;;;;;;;;;;;;;;
31000.00;31900.00;e1Detector_#EdgeID37_2;71.65;0;0;19;19;0.81;0.20;0.10;0.00;4.30;25.92;;;;;;;;;;;;;;;;
31000.00;31900.00;e1Detector_#EdgeID37_3;71.65;0;0;19;19;0.81;0.20;0.10;0.00;4.30;25.92;;;;;;;;;;;;;;;;
31000.00;31900.00;e1Detector_#EdgeID32_0;103.79;0;0;26;25;1.18;0.59;0.29;0.00;4.28;24.54;;;;;;;;;;;;;;;;
31000.00;31900.00;e1Detector_#EdgeID32_1;103.79;0;0;26;25;1.18;0.59;0.29;0.00;4.28;24.54;;;;;;;;;;;;;;;;
31000.00;31900.00;e1Detector_#EdgeID43_0;95.10;0;0;24;24;1.08;0.54;0.27;0.00;6.08;24.79;;;;;;;;;;;;;;;;
31000.00;31900.00;e1Detector_#EdgeID43_1;95.10;0;0;24;24;1.08;0.54;0.27;0.00;6.08;24.79;;;;;;;;;;;;;;;;
31000.00;31900.00;e1Detector_#EdgeID64_0;272.31;0;0;66;66;3.10;3.10;1.55;0.00;30.41;23.69;;;;;;;;;;;;;;;;
31000.00;31900.00;e1Detector_#EdgeID11_0;65.89;0;0;16;17;0.75;0.25;0.12;0.00;1.10;24.92;;;;;;;;;;;;;;;;
31000.00;31900.00;e1Detector_#EdgeID11_1;65.89;0;0;16;17;0.75;0.25;0.12;0.00;1.10;24.92;;;;;;;;;;;;;;;;
31000.00;31900.00;e1Detector_#EdgeID11_2;65.89;0;0;16;17;0.75;0.25;0.12;0.00;1.10;24.92;;;;;;;;;;;;;;;;
31000.00;31900.00;e1Detector_#EdgeID27_0;158.95;0;0;42;42;1.80;0.90;0.45;0.00;8.18;25.91;;;;;;;;;;;;;;;;
31000.00;31900.00;e1Detector_#EdgeID27_1;158.95;0;0;42;42;1.80;0.90;0.45;0.00;8.18;25.91;;;;;;;;;;;;;;;;
31000.00;31900.00;e1Detector_#EdgeID59_0;4.81;0;0;1;1;0.05;0.05;0.03;0.00;0.00;20.28;;;;;;;;;;;;;;;;
31000.00;31900.00;e1Detector_#EdgeID12_0;83.42;0;0;20;20;0.95;0.95;0.47;0.00;9.96;23.44;;;;;;;;;;;;;;;;
31000.00;31900.00;e1Detector_#EdgeID7_0;22.88;0;0;6;6;0.26;0.06;0.03;0.00;0.42;25.83;;;;;;;;;;;;;;;;
31000.00;31900.00;e1Detector_#EdgeID7_1;22.88;0;0;6;6;0.26;0.06;0.03;0.00;0.42;25.83;;;;;;;;;;;;;;;;
31000.00;31900.00;e1Detector_#EdgeID7_2;22.88;0;0;6;6;0.26;0.06;0.03;0.00;0.42;25.83;;;;;;;;;;;;;;;;
31000.00;31900.00;e1Detector_#EdgeID7_3;22.88;0;0;6;6;0.26;0.06;0.03;0.00;0.42;25.83;;;;;;;;;;;;;;;;
31000.00;31900.00;e1Detector_#EdgeID61_0;186.11;0;0;45;44;2.12;2.12;1.06;0.00;19.60;23.11;;;;;;;;;;;;;;;;
31000.00;31900.00;e1Detector_#EdgeID16_0;170.60;0;0;43;43;1.95;1.95;0.97;0.00;13.31;24.50;;;;;;;;;;;;;;;;
31000.00;31900.00;e1Detector_#EdgeID69_0;498.45;0;0;121;119;5.63;5.63;2.81;0.00;58.21;23.78;;;;;;;;;;;;;;;;
31000.00;31900.00;e1Detector_#EdgeID1_0;0.00;0;0;0;0;;;;;;;;;;;;;;;;;;;;;;
31000.00;31900.00;e1Detector_#EdgeID1_1;0.00;0;0;0;0;;;;;;;;;;;;;;;;;;;;;;
31000.00;31900.00;e1Detector_#EdgeID1_2;0.00;0;0;0;0;;;;;;;;;;;;;;;;;;;;;;
31000.00;31900.00;e1Detector_#EdgeID1_3;0.00;0;0;0;0;;;;;;;;;;;;;;;;;;;;;;
31000.00;31900.00;e1Detector_#EdgeID24_0;61.95;0;0;17;17;0.70;0.70;0.35;0.00;2.42;26.83;;;;;;;;;;;;;;;;
31000.00;31900.00;e1Detector_#EdgeID28_0;261.27;0;0;64;64;2.96;1.48;0.74;0.00;25.79;24.06;;;;;;;;;;;;;;;;
31000.00;31900.00;e1Detector_#EdgeID28_1;261.27;0;0;64;64;2.96;1.48;0.74;0.00;25.79;24.06;;;;;;;;;;;;;;;;
31000.00;31900.00;e1Detector_#EdgeID75_0;188.67;0;0;46;45;2.14;2.14;1.07;0.00;18.67;23.55;;;;;;;;;;;;;;;;
31000.00;31900.00;e1Detector_#EdgeID66_0;349.87;0;0;83;83;3.96;3.96;1.98;0.00;43.27;23.28;;;;;;;;;;;;;;;;
31000.00;31900.00;e1Detector_#EdgeID39_0;352.81;0;0;84;84;3.99;3.99;1.99;0.00;42.72;23.41;;;;;;;;;;;;;;;;
31000.00;31900.00;e1Detector_#EdgeID63_0;218.95;0;0;53;53;2.49;2.49;1.24;0.00;22.38;23.69;;;;;;;;;;;;;;;;
31000.00;31900.00;e1Detector_#EdgeID10_0;177.95;0;0;38;38;2.01;2.01;1.00;0.00;28.88;21.03;;;;;;;;;;;;;;;;
31000.00;31900.00;e1Detector_#EdgeID8_0;99.19;0;0;25;27;1.12;0.37;0.19;0.00;3.93;25.00;;;;;;;;;;;;;;;;
31000.00;31900.00;e1Detector_#EdgeID8_1;99.19;0;0;25;27;1.12;0.37;0.19;0.00;3.93;25.00;;;;;;;;;;;;;;;;
31000.00;31900.00;e1Detector_#EdgeID8_2;99.19;0;0;25;27;1.12;0.37;0.19;0.00;3.93;25.00;;;;;;;;;;;;;;;;
31000.00;31900.00;e1Detector_#EdgeID53_0;434.21;0;0;102;99;4.88;4.88;2.44;0.00;53.06;22.86;;;;;;;;;;;;;;;;
31000.00;31900.00;e1Detector_#EdgeID4_0;33.98;0;0;9;9;0.38;0.38;0.19;0.00;0.86;26.17;;;;;;;;;;;;;;;;
31000.00;31900.00;e1Detector_#EdgeID74_0;258.71;0;0;61;62;2.92;2.92;1.46;0.00;28.54;23.49;;;;;;;;;;;;;;;;
31000.00;31900.00;e1Detector_#EdgeID29_0;96.69;0;0;25;25;1.10;1.10;0.55;0.00;3.50;25.26;;;;;;;;;;;;;;;;
31000.00;31900.00;e1Detector_#EdgeID49_0;206.01;0;0;51;49;2.36;2.36;1.18;0.00;19.17;23.80;;;;;;;;;;;;;;;;
31000.00;31900.00;e1Detector_#EdgeID46_0;529.17;0;0;108;108;6.05;3.03;1.51;0.00;129.76;19.82;;;;;;;;;;;;;;;;
31000.00;31900.00;e1Detector_#EdgeID46_1;529.17;0;0;108;108;6.05;3.03;1.51;0.00;129.76;19.82;;;;;;;;;;;;;;;;
31000.00;31900.00;e1Detector_#EdgeID40_0;132.35;0;0;33;33;1.50;1.50;0.75;0.00;10.67;24.51;;;;;;;;;;;;;;;;
31000.00;31900.00;e1Detector_#EdgeID13_0;92.34;0;0;25;25;1.06;0.53;0.26;0.00;2.69;26.28;;;;;;;;;;;;;;;;
31000.00;31900.00;e1Detector_#EdgeID13_1;92.34;0;0;25;25;1.06;0.53;0.26;0.00;2.69;26.28;;;;;;;;;;;;;;;;
31000.00;31900.00;e1Detector_#EdgeID33_0;56.27;0;0;15;15;0.64;0.64;0.32;0.00;2.53;26.21;;;;;;;;;;;;;;;;
31000.00;31900.00;e1Detector_#EdgeID25_0;122.81;0;0;33;33;1.40;0.70;0.35;0.00;3.32;26.10;;;;;;;;;;;;;;;;
31000.00;31900.00;e1Detector_#EdgeID25_1;122.81;0;0;33;33;1.40;0.70;0.35;0.00;3.32;26.10;;;;;;;;;;;;;;;;
31000.00;31900.00;e1Detector_#EdgeID62_0;97.43;0;0;24;24;1.11;1.11;0.55;0.00;8.49;24.08;;;;;;;;;;;;;;;;
31000.00;31900.00;e1Detector_#EdgeID3_0;3.51;0;0;1;1;0.04;0.01;0.00;0.00;0.00;28.02;;;;;;;;;;;;;;;;
31000.00;31900.00;e1Detector_#EdgeID3_1;3.51;0;0;1;1;0.04;0.01;0.00;0.00;0.00;28.02;;;;;;;;;;;;;;;;
31000.00;31900.00;e1Detector_#EdgeID3_2;3.51;0;0;1;1;0.04;0.01;0.00;0.00;0.00;28.02;;;;;;;;;;;;;;;;
31000.00;31900.00;e1Detector_#EdgeID3_3;3.51;0;0;1;1;0.04;0.01;0.00;0.00;0.00;28.02;;;;;;;;;;;;;;;;
31000.00;31900.00;e1Detector_#EdgeID56_0;104.10;0;0;26;26;1.18;0.29;0.15;0.00;8.27;24.50;;;;;;;;;;;;;;;;
31000.00;31900.00;e1Detector_#EdgeID56_1;104.10;0;0;26;26;1.18;0.29;0.15;0.00;8.27;24.50;;;;;;;;;;;;;;;;
31000.00;31900.00;e1Detector_#EdgeID56_2;104.10;0;0;26;26;1.18;0.29;0.15;0.00;8.27;24.50;;;;;;;;;;;;;;;;
31000.00;31900.00;e1Detector_#EdgeID56_3;104.10;0;0;26;26;1.18;0.29;0.15;0.00;8.27;24.50;;;;;;;;;;;;;;;;
31000.00;31900.00;e1Detector_#EdgeID72_0;427.78;0;0;98;101;4.85;4.85;2.42;0.00;64.22;22.80;;;;;;;;;;;;;;;;
31000.00;31900.00;e1Detector_#EdgeID36_0;149.51;0;0;32;32;1.69;1.69;0.84;0.00;23.88;21.04;;;;;;;;;;;;;;;;
31000.00;31900.00;e1Detector_#EdgeID54_0;119.65;0;0;30;30;1.37;0.34;0.17;0.00;8.79;24.33;;;;;;;;;;;;;;;;
31000.00;31900.00;e1Detector_#EdgeID54_1;119.65;0;0;30;30;1.37;0.34;0.17;0.00;8.79;24.33;;;;;;;;;;;;;;;;
31000.00;31900.00;e1Detector_#EdgeID54_2;119.65;0;0;30;30;1.37;0.34;0.17;0.00;8.79;24.33;;;;;;;;;;;;;;;;
31000.00;31900.00;e1Detector_#EdgeID54_3;119.65;0;0;30;30;1.37;0.34;0.17;0.00;8.79;24.33;;;;;;;;;;;;;;;;
31000.00;31900.00;e1Detector_#EdgeID44_0;131.60;0;0;34;34;1.49;1.49;0.75;0.00;6.21;25.34;;;;;;;;;;;;;;;;
31000.00;31900.00;e1Detector_#EdgeID58_0;479.32;0;0;113;113;5.38;5.38;2.69;0.00;52.05;23.33;;;;;;;;;;;;;;;;
31900.00;32800.00;e1Detector_#EdgeID37_0;67.49;0;0;19;15;0.77;0.19;0.10;0.00;4.53;25.43;;;;;;;;;;;;;;;;
31900.00;32800.00;e1Detector_#EdgeID37_1;67.49;0;0;19;15;0.77;0.19;0.10;0.00;4.53;25.43;;;;;;;;;;;;;;;;
31900.00;32800.00;e1Detector_#EdgeID37_2;67.49;0;0;19;15;0.77;0.19;0.10;0.00;4.53;25.43;;;;;;;;;;;;;;;;
31900.00;32800.00;e1Detector_#EdgeID37_3;67.49;0;0;19;15;0.77;0.19;0.10;0.00;4.53;25.43;;;;;;;;;;;;;;;;
31900.00;32800.00;e1Detector_#EdgeID32_0;117.87;0;0;28;29;1.34;0.67;0.33;0.00;8.16;23.32;;;;;;;;;;;;;;;;
31900.00;32800.00;e1Detector_#EdgeID32_1;117.87;0;0;28;29;1.34;0.67;0.33;0.00;8.16;23.32;;;;;;;;;;;;;;;;
31900.00;32800.00;e1Detector_#EdgeID43_0;114.34;0;0;31;31;1.29;0.65;0.32;0.00;4.42;26.63;;;;;;;;;;;;;;;;
31900.00;32800.00;e1Detector_#EdgeID43_1;114.34;0;0;31;31;1.29;0.65;0.32;0.00;4.42;26.63;;;;;;;;;;;;;;;;
31900.00;32800.00;e1Detector_#EdgeID64_0;287.24;0;0;68;68;3.27;3.27;1.63;0.00;34.49;23.14;;;;;;;;;;;;;;;;
31900.00;32800.00;e1Detector_#EdgeID11_0;82.90;0;0;19;19;0.94;0.31;0.16;0.00;9.87;22.48;;;;;;;;;;;;;;;;
31900.00;32800.00;e1Detector_#EdgeID11_1;82.90;0;0;19;19;0.94;0.31;0.16;0.00;9.87;22.48;;;;;;;;;;;;;;;;
31900.00;32800.00;e1Detector_#EdgeID11_2;82.90;0;0;19;19;0.94;0.31;0.16;0.00;9.87;22.48;;;;;;;;;;;;;;;;
31900.00;32800.00;e1Detector_#EdgeID27_0;178.91;0;0;47;46;2.03;1.01;0.51;0.00;13.62;25.42;;;;;;;;;;;;;;;;
31900.00;32800.00;e1Detector_#EdgeID27_1;178.91;0;0;47;46;2.03;1.01;0.51;0.00;13.62;25.42;;;;;;;;;;;;;;;;
31900.00;32800.00;e1Detector_#EdgeID59_0;29.77;0;0;7;6;0.34;0.34;0.17;0.00;3.83;22.79;;;;;;;;;;;;;;;;
31900.00;32800.00;e1Detector_#EdgeID12_0;31.60;0;0;9;9;0.36;0.36;0.18;0.00;0.00;27.85;;;;;;;;;;;;;;;;
31900.00;32800.00;e1Detector_#EdgeID7_0;10.73;0;0;3;3;0.12;0.03;0.02;0.00;0.00;27.55;;;;;;;;;;;;;;;;
31900.00;32800.00;e1Detector_#EdgeID7_1;10.73;0;0;3;3;0.12;0.03;0.02;0.00;0.00;27.55;;;;;;;;;;;;;;;;
31900.00;32800.00;e1Detector_#EdgeID7_2;10.73;0;0;3;3;0.12;0.03;0.02;0.00;0.00;27.55;;;;;;;;;;;;;;;;
31900.00;32800.00;e1Detector_#EdgeID7_3;10.73;0;0;3;3;0.12;0.03;0.02;0.00;0.00;27.55;;;;;;;;;;;;;;;;
31900.00;32800.00;e1Detector_#EdgeID61_0;103.35;0;0;25;26;1.18;1.18;0.59;0.00;6.85;24.51;;;;;;;;;;;;;;;;
31900.00;32800.00;e1Detector_#EdgeID16_0;129.49;0;0;32;32;1.48;1.48;0.74;0.00;8.81;24.02;;;;;;;;;;;;;;;;
31900.00;32800.00;e1Detector_#EdgeID69_0;464.27;0;0;109;110;5.24;5.24;2.62;0.00;57.99;23.13;;;;;;;;;;;;;;;;
31900.00;32800.00;e1Detector_#EdgeID1_0;0.00;0;0;0;0;;;;;;;;;;;;;;;;;;;;;;
31900.00;32800.00;e1Detector_#EdgeID1_1;0.00;0;0;0;0;;;;;;;;;;;;;;;;;;;;;;
31900.00;32800.00;e1Detector_#EdgeID1_2;0.00;0;0;0;0;;;;;;;;;;;;;;;;;;;;;;
31900.00;32800.00;e1Detector_#EdgeID1_3;0.00;0;0;0;0;;;;;;;;;;;;;;;;;;;;;;
31900.00;32800.00;e1Detector_#EdgeID24_0;102.69;0;0;28;28;1.17;1.17;0.58;0.00;3.44;26.66;;;;;;;;;;;;;;;;
31900.00;32800.00;e1Detector_#EdgeID28_0;279.08;0;0;67;67;3.16;1.58;0.79;0.00;30.10;23.58;;;;;;;;;;;;;;;;
31900.00;32800.00;e1Detector_#EdgeID28_1;279.08;0;0;67;67;3.16;1.58;0.79;0.00;30.10;23.58;;;;;;;;;;;;;;;;
31900.00;32800.00;e1Detector_#EdgeID75_0;176.00;0;0;42;43;1.99;1.99;1.00;0.00;15.15;23.81;;;;;;;;;;;;;;;;
31900.00;32800.00;e1Detector_#EdgeID66_0;383.23;0;0;91;91;4.34;4.34;2.17;0.00;49.02;23.30;;;;;;;;;;;;;;;;
31900.00;32800.00;e1Detector_#EdgeID39_0;293.90;0;0;69;69;3.32;3.32;1.66;0.00;35.97;23.08;;;;;;;;;;;;;;;;
31900.00;32800.00;e1Detector_#EdgeID63_0;258.32;0;0;62;62;2.93;2.93;1.47;0.00;32.03;23.49;;;;;;;;;;;;;;;;
31900.00;32800.00;e1Detector_#EdgeID10_0;174.90;0;0;42;42;1.97;1.97;0.99;0.00;17.33;23.65;;;;;;;;;;;;;;;;
31900.00;32800.00;e1Detector_#EdgeID8_0;132.85;0;0;33;33;1.50;0.50;0.25;0.00;10.05;24.42;;;;;;;;;;;;;;;;
31900.00;32800.00;e1Detector_#EdgeID8_1;132.85;0;0;33;33;1.50;0.50;0.25;0.00;10.05;24.42;;;;;;;;;;;;;;;;
31900.00;32800.00;e1Detector_#EdgeID8_2;132.85;0;0;33;33;1.50;0.50;0.25;0.00;10.05;24.42;;;;;;;;;;;;;;;;
31900.00;32800.00;e1Detector_#EdgeID53_0;412.76;0;0;98;101;4.64;4.64;2.32;0.00;45.29;23.89;;;;;;;;;;;;;;;;
31900.00;32800.00;e1Detector_#EdgeID4_0;27.73;0;0;7;7;0.31;0.31;0.16;0.00;1.01;24.94;;;;;;;;;;;;;;;;
31900.00;32800.00;e1Detector_#EdgeID74_0;241.66;0;0;57;56;2.73;2.73;1.37;0.00;29.65;23.16;;;;;;;;;;;;;;;;
31900.00;32800.00;e1Detector_#EdgeID29_0;85.96;0;0;22;22;0.98;0.98;0.49;0.00;3.48;25.01;;;;;;;;;;;;;;;;
31900.00;32800.00;e1Detector_#EdgeID49_0;197.76;0;0;49;51;2.27;2.27;1.13;0.00;17.92;24.26;;;;;;;;;;;;;;;;
31900.00;32800.00;e1Detector_#EdgeID46_0;457.93;0;0;106;106;5.24;2.62;1.31;0.00;58.32;22.48;;;;;;;;;;;;;;;;
31900.00;32800.00;e1Detector_#EdgeID46_1;457.93;0;0;106;106;5.24;2.62;1.31;0.00;58.32;22.48;;;;;;;;;;;;;;;;
31900.00;32800.00;e1Detector_#EdgeID40_0;49.75;0;0;13;13;0.56;0.56;0.28;0.00;2.24;25.68;;;;;;;;;;;;;;;;
31900.00;32800.00;e1Detector_#EdgeID13_0;122.76;0;0;30;30;1.41;0.70;0.35;0.00;13.19;23.72;;;;;;;;;;;;;;;;
31900.00;32800.00;e1Detector_#EdgeID13_1;122.76;0;0;30;30;1.41;0.70;0.35;0.00;13.19;23.72;;;;;;;;;;;;;;;;
31900.00;32800.00;e1Detector_#EdgeID33_0;70.64;0;0;18;18;0.80;0.80;0.40;0.00;5.78;25.05;;;;;;;;;;;;;;;;
31900.00;32800.00;e1Detector_#EdgeID25_0;162.97;0;0;42;42;1.86;0.93;0.47;0.00;12.15;25.03;;;;;;;;;;;;;;;;
31900.00;32800.00;e1Detector_#EdgeID25_1;162.97;0;0;42;42;1.86;0.93;0.47;0.00;12.15;25.03;;;;;;;;;;;;;;;;
31900.00;32800.00;e1Detector_#EdgeID62_0;65.93;0;0;18;17;0.75;0.75;0.37;0.00;2.17;25.32;;;;;;;;;;;;;;;;
31900.00;32800.00;e1Detector_#EdgeID3_0;3.56;0;0;1;1;0.04;0.01;0.01;0.00;0.00;27.62;;;;;;;;;;;;;;;;
31900.00;32800.00;e1Detector_#EdgeID3_1;3.56;0;0;1;1;0.04;0.01;0.01;0.00;0.00;27.62;;;;;;;;;;;;;;;;
31900.00;32800.00;e1Detector_#EdgeID3_2;3.56;0;0;1;1;0.04;0.01;0.01;0.00;0.00;27.62;;;;;;;;;;;;;;;;
31900.00;32800.00;e1Detector_#EdgeID3_3;3.56;0;0;1;1;0.04;0.01;0.01;0.00;0.00;27.62;;;;;;;;;;;;;;;;
31900.00;32800.00;e1Detector_#EdgeID56_0;101.29;0;0;24;24;1.15;0.29;0.14;0.00;11.81;23.24;;;;;;;;;;;;;;;;
31900.00;32800.00;e1Detector_#EdgeID56_1;101.29;0;0;24;24;1.15;0.29;0.14;0.00;11.81;23.24;;;;;;;;;;;;;;;;
31900.00;32800.00;e1Detector_#EdgeID56_2;101.29;0;0;24;24;1.15;0.29;0.14;0.00;11.81;23.24;;;;;;;;;;;;;;;;
31900.00;32800.00;e1Detector_#EdgeID56_3;101.29;0;0;24;24;1.15;0.29;0.14;0.00;11.81;23.24;;;;;;;;;;;;;;;;
31900.00;32800.00;e1Detector_#EdgeID72_0;509.40;0;0;117;117;5.77;5.77;2.89;0.00;74.66;22.53;;;;;;;;;;;;;;;;
31900.00;32800.00;e1Detector_#EdgeID36_0;122.40;0;0;30;30;1.38;1.38;0.69;0.00;8.65;24.10;;;;;;;;;;;;;;;;
31900.00;32800.00;e1Detector_#EdgeID54_0;145.42;0;0;37;37;1.66;0.42;0.21;0.00;8.15;24.69;;;;;;;;;;;;;;;;
31900.00;32800.00;e1Detector_#EdgeID54_1;145.42;0;0;37;37;1.66;0.42;0.21;0.00;8.15;24.69;;;;;;;;;;;;;;;;
31900.00;32800.00;e1Detector_#EdgeID54_2;145.42;0;0;37;37;1.66;0.42;0.21;0.00;8.15;24.69;;;;;;;;;;;;;;;;
31900.00;32800.00;e1Detector_#EdgeID54_3;145.42;0;0;37;37;1.66;0.42;0.21;0.00;8.15;24.69;;;;;;;;;;;;;;;;
31900.00;32800.00;e1Detector_#EdgeID44_0;149.05;0;0;39;39;1.69;1.69;0.84;0.00;9.31;25.66;;;;;;;;;;;;;;;;
31900.00;32800.00;e1Detector_#EdgeID58_0;511.28;0;0;117;117;5.74;5.74;2.87;0.00;74.39;22.64;;;;;;;;;;;;;;;;
32800.00;32900.00;e1Detector_#EdgeID37_0;16.26;0;0;3;7;1.66;0.42;0.21;0.00;0.62;26.70;;;;;;;;;;;;;;;;
32800.00;32900.00;e1Detector_#EdgeID37_1;16.26;0;0;3;7;1.66;0.42;0.21;0.00;0.62;26.70;;;;;;;;;;;;;;;;
32800.00;32900.00;e1Detector_#EdgeID37_2;16.26;0;0;3;7;1.66;0.42;0.21;0.00;0.62;26.70;;;;;;;;;;;;;;;;
32800.00;32900.00;e1Detector_#EdgeID37_3;16.26;0;0;3;7;1.66;0.42;0.21;0.00;0.62;26.70;;;;;;;;;;;;;;;;
32800.00;32900.00;e1Detector_#EdgeID32_0;4.21;0;0;1;1;0.43;0.21;0.11;0.00;0.00;23.28;;;;;;;;;;;;;;;;
32800.00;32900.00;e1Detector_#EdgeID32_1;4.21;0;0;1;1;0.43;0.21;0.11;0.00;0.00;23.28;;;;;;;;;;;;;;;;
32800.00;32900.00;e1Detector_#EdgeID43_0;21.84;0;0;6;6;2.22;1.11;0.56;0.00;0.89;26.99;;;;;;;;;;;;;;;;
32800.00;32900.00;e1Detector_#EdgeID43_1;21.84;0;0;6;6;2.22;1.11;0.56;0.00;0.89;26.99;;;;;;;;;;;;;;;;
32800.00;32900.00;e1Detector_#EdgeID64_0;12.32;0;0;3;3;1.26;1.26;0.63;0.00;0.59;23.81;;;;;;;;;;;;;;;;
32800.00;32900.00;e1Detector_#EdgeID11_0;23.16;0;0;5;5;2.36;0.79;0.39;0.00;3.71;21.17;;;;;;;;;;;;;;;;
32800.00;32900.00;e1Detector_#EdgeID11_1;23.16;0;0;5;5;2.36;0.79;0.39;0.00;3.71;21.17;;;;;;;;;;;;;;;;
32800.00;32900.00;e1Detector_#EdgeID11_2;23.16;0;0;5;5;2.36;0.79;0.39;0.00;3.71;21.17;;;;;;;;;;;;;;;;
32800.00;32900.00;e1Detector_#EdgeID27_0;17.22;0;0;4;5;1.76;0.88;0.44;0.00;0.18;26.29;;;;;;;;;;;;;;;;
32800.00;32900.00;e1Detector_#EdgeID27_1;17.22;0;0;4;5;1.76;0.88;0.44;0.00;0.18;26.29;;;;;;;;;;;;;;;;
32800.00;32900.00;e1Detector_#EdgeID59_0;3.93;0;0;1;2;0.40;0.40;0.20;0.00;0.07;26.06;;;;;;;;;;;;;;;;
32800.00;32900.00;e1Detector_#EdgeID12_0;7.53;0;0;2;2;0.77;0.77;0.39;0.00;0.20;25.97;;;;;;;;;;;;;;;;
32800.00;32900.00;e1Detector_#EdgeID7_0;3.42;0;0;1;1;0.35;0.09;0.04;0.00;0.00;28.82;;;;;;;;;;;;;;;;
32800.00;32900.00;e1Detector_#EdgeID7_1;3.42;0;0;1;1;0.35;0.09;0.04;0.00;0.00;28.82;;;;;;;;;;;;;;;;
32800.00;32900.00;e1Detector_#EdgeID7_2;3.42;0;0;1;1;0.35;0.09;0.04;0.00;0.00;28.82;;;;;;;;;;;;;;;;
32800.00;32900.00;e1Detector_#EdgeID7_3;3.42;0;0;1;1;0.35;0.09;0.04;0.00;0.00;28.82;;;;;;;;;;;;;;;;
32800.00;32900.00;e1Detector_#EdgeID61_0;8.19;0;0;2;2;0.84;0.84;0.42;0.00;0.67;23.83;;;;;;;;;;;;;;;;
32800.00;32900.00;e1Detector_#EdgeID16_0;3.69;0;0;1;1;0.38;0.38;0.19;0.00;0.00;26.31;;;;;;;;;;;;;;;;
32800.00;32900.00;e1Detector_#EdgeID69_0;5.75;0;0;1;2;0.58;0.58;0.29;0.00;0.00;25.42;;;;;;;;;;;;;;;;
32800.00;32900.00;e1Detector_#EdgeID1_0;0.00;0;0;0;0;;;;;;;;;;;;;;;;;;;;;;
32800.00;32900.00;e1Detector_#EdgeID1_1;0.00;0;0;0;0;;;;;;;;;;;;;;;;;;;;;;
32800.00;32900.00;e1Detector_#EdgeID1_2;0.00;0;0;0;0;;;;;;;;;;;;;;;;;;;;;;
32800.00;32900.00;e1Detector_#EdgeID1_3;0.00;0;0;0;0;;;;;;;;;;;;;;;;;;;;;;
32800.00;32900.00;e1Detector_#EdgeID24_0;13.22;0;0;4;4;1.35;1.35;0.68;0.00;0.11;29.58;;;;;;;;;;;;;;;;
32800.00;32900.00;e1Detector_#EdgeID28_0;38.35;0;0;9;9;3.90;1.95;0.98;0.00;5.25;23.05;;;;;;;;;;;;;;;;
32800.00;32900.00;e1Detector_#EdgeID28_1;38.35;0;0;9;9;3.90;1.95;0.98;0.00;5.25;23.05;;;;;;;;;;;;;;;;
32800.00;32900.00;e1Detector_#EdgeID75_0;58.45;0;0;12;12;5.96;5.96;2.98;0.00;14.06;20.14;;;;;;;;;;;;;;;;
32800.00;32900.00;e1Detector_#EdgeID66_0;7.51;0;0;2;2;0.77;0.77;0.38;0.00;0.00;26.12;;;;;;;;;;;;;;;;
32800.00;32900.00;e1Detector_#EdgeID39_0;14.60;0;0;4;4;1.48;1.48;0.74;0.00;0.31;26.94;;;;;;;;;;;;;;;;
32800.00;32900.00;e1Detector_#EdgeID63_0;31.76;0;0;8;8;3.25;3.25;1.62;0.00;2.52;24.65;;;;;;;;;;;;;;;;
32800.00;32900.00;e1Detector_#EdgeID10_0;3.85;0;0;1;1;0.39;0.39;0.20;0.00;0.00;25.58;;;;;;;;;;;;;;;;
32800.00;32900.00;e1Detector_#EdgeID8_0;0.00;0;0;0;0;;;;;;;;;;;;;;;;;;;;;;
32800.00;32900.00;e1Detector_#EdgeID8_1;0.00;0;0;0;0;;;;;;;;;;;;;;;;;;;;;;
32800.00;32900.00;e1Detector_#EdgeID8_2;0.00;0;0;0;0;;;;;;;;;;;;;;;;;;;;;;
32800.00;32900.00;e1Detector_#EdgeID53_0;48.72;0;0;11;11;4.92;4.92;2.46;0.00;4.39;22.34;;;;;;;;;;;;;;;;
32800.00;32900.00;e1Detector_#EdgeID4_0;0.00;0;0;0;0;;;;;;;;;;;;;;;;;;;;;;
32800.00;32900.00;e1Detector_#EdgeID74_0;4.07;0;0;1;2;0.41;0.41;0.21;0.00;0.03;26.07;;;;;;;;;;;;;;;;
32800.00;32900.00;e1Detector_#EdgeID29_0;0.00;0;0;0;0;;;;;;;;;;;;;;;;;;;;;;
32800.00;32900.00;e1Detector_#EdgeID49_0;15.34;0;0;4;4;1.58;1.58;0.79;0.00;1.48;25.29;;;;;;;;;;;;;;;;
32800.00;32900.00;e1Detector_#EdgeID46_0;59.20;0;0;13;13;6.10;3.05;1.52;0.00;10.49;21.33;;;;;;;;;;;;;;;;
32800.00;32900.00;e1Detector_#EdgeID46_1;59.20;0;0;13;13;6.10;3.05;1.52;0.00;10.49;21.33;;;;;;;;;;;;;;;;
32800.00;32900.00;e1Detector_#EdgeID40_0;3.43;0;0;1;1;0.35;0.35;0.17;0.00;0.00;28.67;;;;;;;;;;;;;;;;
32800.00;32900.00;e1Detector_#EdgeID13_0;7.90;0;0;2;1;0.81;0.41;0.20;0.00;0.77;24.56;;;;;;;;;;;;;;;;
32800.00;32900.00;e1Detector_#EdgeID13_1;7.90;0;0;2;1;0.81;0.41;0.20;0.00;0.77;24.56;;;;;;;;;;;;;;;;
32800.00;32900.00;e1Detector_#EdgeID33_0;8.64;0;0;2;1;0.88;0.88;0.44;0.00;0.66;22.75;;;;;;;;;;;;;;;;
32800.00;32900.00;e1Detector_#EdgeID25_0;14.73;0;0;4;3;1.52;0.76;0.38;0.00;0.51;26.37;;;;;;;;;;;;;;;;
32800.00;32900.00;e1Detector_#EdgeID25_1;14.73;0;0;4;3;1.52;0.76;0.38;0.00;0.51;26.37;;;;;;;;;;;;;;;;
32800.00;32900.00;e1Detector_#EdgeID62_0;34.68;0;0;7;6;3.55;3.55;1.77;0.00;5.38;21.56;;;;;;;;;;;;;;;;
32800.00;32900.00;e1Detector_#EdgeID3_0;0.00;0;0;0;0;;;;;;;;;;;;;;;;;;;;;;
32800.00;32900.00;e1Detector_#EdgeID3_1;0.00;0;0;0;0;;;;;;;;;;;;;;;;;;;;;;
32800.00;32900.00;e1Detector_#EdgeID3_2;0.00;0;0;0;0;;;;;;;;;;;;;;;;;;;;;;
32800.00;32900.00;e1Detector_#EdgeID3_3;0.00;0;0;0;0;;;;;;;;;;;;;;;;;;;;;;
32800.00;32900.00;e1Detector_#EdgeID56_0;19.31;0;0;4;4;1.97;0.49;0.25;0.00;3.82;20.32;;;;;;;;;;;;;;;;
32800.00;32900.00;e1Detector_#EdgeID56_1;19.31;0;0;4;4;1.97;0.49;0.25;0.00;3.82;20.32;;;;;;;;;;;;;;;;
32800.00;32900.00;e1Detector_#EdgeID56_2;19.31;0;0;4;4;1.97;0.49;0.25;0.00;3.82;20.32;;;;;;;;;;;;;;;;
32800.00;32900.00;e1Detector_#EdgeID56_3;19.31;0;0;4;4;1.97;0.49;0.25;0.00;3.82;20.32;;;;;;;;;;;;;;;;
32800.00;32900.00;e1Detector_#EdgeID72_0;25.05;0;0;6;6;2.55;2.55;1.28;0.00;3.87;23.49;;;;;;;;;;;;;;;;
32800.00;32900.00;e1Detector_#EdgeID36_0;11.16;0;0;3;3;1.13;1.13;0.57;0.00;0.28;26.44;;;;;;;;;;;;;;;;
32800.00;32900.00;e1Detector_#EdgeID54_0;11.55;0;0;3;3;1.19;0.30;0.15;0.00;0.09;25.21;;;;;;;;;;;;;;;;
32800.00;32900.00;e1Detector_#EdgeID54_1;11.55;0;0;3;3;1.19;0.30;0.15;0.00;0.09;25.21;;;;;;;;;;;;;;;;
32800.00;32900.00;e1Detector_#EdgeID54_2;11.55;0;0;3;3;1.19;0.30;0.15;0.00;0.09;25.21;;;;;;;;;;;;;;;;
32800.00;32900.00;e1Detector_#EdgeID54_3;11.55;0;0;3;3;1.19;0.30;0.15;0.00;0.09;25.21;;;;;;;;;;;;;;;;
32800.00;32900.00;e1Detector_#EdgeID44_0;19.97;0;0;5;5;2.04;2.04;1.02;0.00;2.02;24.56;;;;;;;;;;;;;;;;
32800.00;32900.00;e1Detector_#EdgeID58_0;11.77;0;0;3;3;1.19;1.19;0.59;0.00;0.00;25.22;;;;;;;;;;;;;;;;
